Progress,Duration (in seconds),Finished,ResponseId,UserLanguage,Q_RecaptchaScore,consent_question,news_context_timing_First Click,news_context_timing_Last Click,news_context_timing_Page Submit,news_context_timing_Click Count,nv_comprehend_main,nv_comprehend_flank,nv_text_timing_First Click,nv_text_timing_Last Click,nv_text_timing_Page Submit,nv_text_timing_Click Count,rad_comprehend_main,rad_comprehend_flank,rad_text_timing_First Click,rad_text_timing_Last Click,rad_text_timing_Page Submit,rad_text_timing_Click Count,manipulation_check#1_1,manipulation_check#1_2,manipulation_check#2_1,manipulation_check#2_2,manip_time_First Click,manip_time_Last Click,manip_time_Page Submit,manip_time_Click Count,identification#1_1,identification#1_2,identification#1_3,identification#2_1,identification#2_2,identification#2_3,ident_time_First Click,ident_time_Last Click,ident_time_Page Submit,ident_time_Click Count,dv_support#1_1,dv_support#1_2,dv_support#1_3,dv_support#1_4,dv_support#2_1,dv_support#2_2,dv_support#2_3,dv_support#2_4,dv_time_First Click,dv_time_Last Click,dv_time_Page Submit,dv_time_Click Count,sympathy_1,sympathy_2,sympathy_3,sympathy_4,sym_time_First Click,sym_time_Last Click,sym_time_Page Submit,sym_time_Click Count,gender,gender_3_TEXT,age,employment,education,income,polit_ideology,reside,feedback,Q_TotalDuration,Q_Language,Q_TerminateFlag,consent,condition
100,211,1,R_38Hc6ouANkuMHrX,EN,1,1,0,0,6.703,0,1,1,69.55,123.986,124.574,5,NA,NA,NA,NA,NA,NA,7,7,7,7,1.93,7.43,7.958,8,3,5,3,3,5,3,1.722,9.741,10.51,12,2,2,7,5,2,2,7,5,1.39,16.74,17.659,19,6,4,2,7,2.143,10.437,11.541,5,2,NA,37,2,5,6,4,2,NA,211,EN,NA,1,0
100,362,1,R_7m7VpAhbvAVSseH,EN,1,1,1.45,21.247,44.18,2,1,1,1.622,207.695,208.269,66,NA,NA,NA,NA,NA,NA,7,7,7,7,3.201,12.703,13.575,8,5,5,5,5,5,5,1.701,11.317,13.149,8,3,6,7,7,3,6,7,7,1.239,15.966,16.495,13,6,6,2,5,3.1,19.783,20.334,12,2,NA,69,2,4,3,2,2,NA,362,EN,NA,1,0
100,361,1,R_5t00BsH9j0VZ0aZ,EN,1,1,0,0,23.237,0,1,1,6.374,161.482,174.075,9,NA,NA,NA,NA,NA,NA,7,7,7,7,8.928,32.484,32.784,12,3,2,3,3,2,3,4.515,16.554,18.342,14,2,3,6,5,2,3,6,5,6.536,35.569,36.332,18,6,7,2,6,2.954,12.478,13.132,4,1,NA,38,1,3,4,2,2,NA,361,EN,NA,1,0
100,341,1,R_3Jf2KmYwSz8luKA,EN,1,1,0,0,8.767,0,NA,NA,NA,NA,NA,NA,1,1,45.919,95.135,97.631,3,2,7,2,2,4.024,18.988,20.096,10,6,5,4,7,6,7,19.085,32.263,33.052,12,4,4,3,6,6,6,4,6,1.449,18.481,19.336,17,7,6,7,6,3.417,8.287,9.871,4,1,NA,40,1,5,3,4,2,NA,341,EN,NA,1,1
100,396,1,R_7f1IkAP13NauODW,EN,0.8999999761581421,1,31.436,31.436,32.001,1,NA,NA,NA,NA,NA,NA,1,1,0.494,143.622,144.3,22,5,7,1,3,9.192,26.937,28.792,14,3,3,3,7,7,7,13.748,32.185,32.957,11,3,5,7,6,7,7,7,7,68.698,88.255,88.885,12,5,6,1,7,3.1,13.97,14.739,7,2,NA,44,1,2,4,1,2,NA,396,EN,NA,1,1
100,384,1,R_5IYOWtKVvrC6fOd,EN,1,1,0.945,16.169,41.717,2,NA,NA,NA,NA,NA,NA,1,1,14.306,135.106,178.576,7,6,7,1,1,4.814,13.054,18.11,10,2,1,1,7,7,7,15.652,29.466,31.259,13,1,2,3,3,7,7,7,7,1.615,14.387,18.29,15,7,7,1,6,5.984,21.688,28.536,7,1,NA,36,1,5,4,2,2,NA,384,EN,NA,1,1
100,241,1,R_6pouxzZDwtcpnqh,EN,1,1,0,0,30.096,0,1,1,86.65,105.621,114.901,6,NA,NA,NA,NA,NA,NA,3,7,3,7,4.118,11.901,13.728,5,2,2,1,2,2,1,1.794,9.218,10.657,7,2,1,1,3,2,1,1,3,1.821,15.324,17.313,14,7,7,1,7,3.045,12.251,13.024,4,2,NA,25,4,5,4,1,2,:),241,EN,NA,1,0
100,412,1,R_3EHpV80nZV3OQiB,EN,1,1,29.122,29.306,32.768,2,NA,NA,NA,NA,NA,NA,1,1,2.65,231.712,235.84,34,1,1,1,1,2.642,10.484,12.278,8,7,7,7,7,7,7,4.08,14.424,16.821,12,7,7,7,7,7,7,7,7,1.965,17.796,19.781,16,1,4,7,1,9.077,29.673,31,20,1,NA,34,1,2,5,6,2,All good,412,EN,NA,1,1
100,384,1,R_6nCyvXesX5dxRMR,EN,1,1,23.82,24.823,29.161,2,NA,NA,NA,NA,NA,NA,1,1,96.762,137.047,138.769,4,7,7,1,1,2.2,10.566,12.217,9,1,1,1,7,7,7,1.575,14.719,15.694,13,1,1,1,1,7,7,7,7,1.531,57.534,59.842,22,7,7,7,7,11.839,14.394,17.362,4,1,NA,31,1,5,4,1,2,NA,384,EN,NA,1,1
100,310,1,R_7tPFh4A8XT3Jjvr,EN,1,1,0.986,8.345,10.019,4,NA,NA,NA,NA,NA,NA,1,1,0.763,213.138,214.118,28,5,5,3,3,3.115,19.108,19.433,15,3,3,3,4,4,4,1.487,7.613,7.889,15,3,3,3,3,4,4,4,3,0.923,12.104,12.812,29,6,6,6,6,3.911,7.088,8.597,6,1,NA,25,1,5,6,2,2,NA,310,EN,NA,1,1
100,476,1,R_6DYAVaq6IwAIe22,EN,1,1,0,0,52.254,0,NA,NA,NA,NA,NA,NA,1,1,212.997,244.83,252.595,4,5,6,1,1,14.682,30.993,32.314,10,7,7,7,7,7,7,7.93,15.833,17.526,12,7,7,7,7,7,7,7,7,5.103,27.701,28.739,16,2,2,7,2,6.448,20.529,22.104,4,1,NA,34,3,3,3,7,2,NA,476,EN,NA,1,1
100,515,1,R_12rIxw0ipKnKh7F,EN,1,1,29.385,29.385,30.58,1,10,1,2.661,247.157,248.438,104,NA,NA,NA,NA,NA,NA,5,7,5,7,1.482,24.282,25.291,11,6,7,7,6,7,7,2.248,20.851,21.713,17,4,7,7,7,4,7,7,7,4.04,29.311,30.192,23,5,6,2,6,6.286,24.362,25.188,9,2,NA,72,2,3,3,5,2,While I sympathize with those advocating eating less or no meat I would not do this myself. I would not sign petitions or protest for their cause.,515,EN,NA,1,0
100,625,1,R_5Kp81pKkahpF5nf,EN,1,1,73.917,73.917,75.154,1,1,1,20.859,239.133,240.658,16,NA,NA,NA,NA,NA,NA,7,7,7,7,0.766,24.901,26.49,11,1,1,1,1,1,1,3.193,15.52,16.307,14,1,1,1,1,1,1,1,1,5.81,23.573,25.201,17,7,7,1,7,7.076,35.541,36.847,7,1,NA,24,1,5,6,2,2,NA,625,EN,NA,1,0
100,316,1,R_7akx52T41YgKcw4,EN,1,1,0,0,20.201,0,NA,NA,NA,NA,NA,NA,1,10,2.816,35.549,38.396,11,5,6,2,1,2.734,9.983,12.378,5,7,7,7,7,7,7,1.783,17.684,19.074,17,7,7,6,7,7,7,6,7,1.474,19.524,20.935,17,4,4,4,3,3.122,10.255,10.28,5,2,NA,30,2,2,1,4,2,NA,316,EN,NA,1,1
100,382,1,R_6m8JdqYwuUULctz,EN,1,1,0,0,96.13,0,1,1,2.285,209.438,210.043,10,NA,NA,NA,NA,NA,NA,5,7,6,7,1.092,6.49,6.8,9,5,7,3,6,6,5,1.004,9.208,9.628,16,6,4,6,7,7,6,5,6,0.679,12.599,12.837,21,3,4,3,3,4.894,6.265,10.862,4,1,NA,19,4,3,6,5,2,NA,382,EN,NA,1,0
100,733,1,R_35pzpxMtWMVkotX,EN,1,1,32.129,32.129,47.249,1,1,1,289.754,364.016,374.752,4,NA,NA,NA,NA,NA,NA,5,6,3,6,16.745,35.729,37.911,8,3,3,3,3,3,3,10.57,33.842,35.857,12,2,3,3,5,2,3,3,5,4.206,43.272,44.558,17,5,3,6,2,10.062,31.281,33.667,4,2,NA,52,3,3,3,5,2,NA,733,EN,NA,1,0
100,736,1,R_1Y36CGMX4dZzreT,EN,1,1,0,0,52.26,0,NA,NA,NA,NA,NA,NA,1,1,1.2,295.943,332.91,17,5,7,1,1,11.658,33.583,36.122,10,5,5,4,7,7,7,10.197,62.335,66.788,23,4,7,7,7,7,7,4,7,6.544,58.295,66.607,19,1,5,4,1,5.195,49.955,53.845,4,2,NA,39,2,5,4,7,2,NA,736,EN,NA,1,1
100,251,1,R_6320jgYDoMygWFJ,EN,1,1,27.837,27.837,33.595,1,NA,NA,NA,NA,NA,NA,1,1,99.681,125.849,127.155,5,6,6,1,1,2.059,7.134,8.086,8,2,2,2,7,7,7,0.984,11.975,12.674,13,3,2,3,3,6,6,6,6,0.725,15.23,16.701,18,5,6,4,5,3.367,10.746,11.659,9,1,NA,34,1,2,1,4,2,NA,251,EN,NA,1,1
100,613,1,R_7gyGP4G9JhSffbz,EN,1,1,20.396,20.396,21.376,1,1,1,2.965,254.715,255.753,52,NA,NA,NA,NA,NA,NA,6,7,6,7,20.579,48.762,51.8,14,5,3,3,5,3,3,21.865,46.721,49.091,15,2,2,3,2,2,2,3,2,6.746,61.565,63.963,13,7,7,1,7,8.946,68.431,69.365,8,1,NA,56,2,5,3,4,2,Thanks,613,EN,NA,1,0
100,801,1,R_34q3LjnOv4nJFHU,EN,1,1,0,0,126.639,0,10,10,271.111,381.007,383.54,6,NA,NA,NA,NA,NA,NA,1,7,3,7,20.309,42.65,43.802,8,1,2,1,2,1,3,9.23,43.234,44.593,16,4,6,6,5,1,2,2,1,9.262,38.188,39.886,16,7,7,7,7,8.46,28.972,30.479,4,1,NA,31,1,5,7,7,2,no,801,EN,NA,1,0
100,499,1,R_7IWz6g9OViMnjfm,EN,1,1,0,0,26.149,0,NA,NA,NA,NA,NA,NA,1,1,168.926,214.109,241.752,4,4,6,3,2,7.793,32.066,35.07,8,3,4,4,6,6,7,6.922,28.413,29.137,12,2,4,4,6,7,6,7,7,6.031,35.243,35.971,16,5,6,1,5,3.944,21.344,22.655,5,1,NA,73,1,6,3,4,2,NA,499,EN,NA,1,1
100,561,1,R_6NEQ6qcvIf344jT,EN,1,1,0,0,71.385,0,NA,NA,NA,NA,NA,NA,1,1,168.188,269.329,292.136,6,5,4,2,2,13.5,31.364,32.749,8,6,7,7,6,7,7,8.195,22.579,23.748,12,6,7,7,7,7,7,7,7,4.257,20.7,21.707,17,1,2,5,1,6.777,31.713,33.669,4,1,NA,57,1,7,7,6,2,NA,561,EN,NA,1,1
100,327,1,R_3f35yD76rkZ24b6,EN,1,1,0,0,19.937,0,1,1,107.034,154.466,156.404,9,NA,NA,NA,NA,NA,NA,7,7,7,7,6.145,18.535,20.929,10,4,3,3,4,3,3,4.946,18.095,19.232,13,1,3,6,7,1,3,6,7,5.203,21.445,22.846,16,7,7,1,6,1.492,1.492,13.966,1,1,NA,41,1,5,4,2,2,Everything worked fine and was understandable.,327,EN,NA,1,0
100,357,1,R_1Lj0L39WPL7jzLX,EN,0.8999999761581421,1,0,0,20.882,0,1,1,111.249,150.535,157.184,4,NA,NA,NA,NA,NA,NA,6,7,6,7,9.489,23.28,26.931,4,1,1,1,1,1,1,6.105,16.748,20.037,6,1,2,1,4,1,2,1,4,4.184,27.543,30.892,10,7,7,1,7,5.709,17.539,22.192,4,2,NA,61,1,3,3,1,2,NA,357,EN,NA,1,0
100,660,1,R_1QBaombflbNf66d,EN,0.800000012,1,25.981,27.031,33.791,2,1,1,1.27,306.508,307.411,78,NA,NA,NA,NA,NA,NA,3,NA,3,NA,4.401,35.884,36.682,10,6,7,6,6,7,6,3.867,35.515,38.515,14,6,7,7,7,6,7,7,7,1.37,39.131,41.931,18,4,4,4,5,4.313,58,60.043,18,2,NA,62,1,2,4,6,2,None,660,EN,NA,1,0
100,549,1,R_6N4c09eA4lrL0SR,EN,1,1,0,0,36.051,0,1,1,201.752,255.768,259.727,4,NA,NA,NA,NA,NA,NA,6,7,6,7,14.508,25.925,28.953,8,6,6,6,6,6,6,4.816,28.808,32.805,12,4,6,6,6,4,6,6,6,5.515,33.448,36.398,16,6,7,1,6,23.427,37.66,44.256,4,2,NA,57,2,5,5,2,2,NA,549,EN,NA,1,0
100,786,1,R_3JehURTAzD3Ubup,EN,1,1,0,0,24.351,0,NA,NA,NA,NA,NA,NA,1,1,64.695,437.796,486.125,7,7,7,1,2,7.795,19.295,21.389,8,3,4,4,7,7,7,5.091,17.173,18.363,12,2,6,4,6,7,7,7,7,3.5,23.057,24.186,16,2,5,1,4,9.763,21.414,22.349,5,2,NA,45,3,4,1,3,2,NA,786,EN,NA,1,1
100,756,1,R_3EaND8Zd1ze0PE4,EN,1,1,0,0,67.506,0,1,1,304.063,412.541,413.515,5,NA,NA,NA,NA,NA,NA,2,7,2,7,9.636,80.172,81.017,15,1,1,1,3,1,3,5.661,23.845,24.314,15,1,2,2,2,3,5,6,6,1.278,30.469,30.835,20,6,6,1,6,7.686,18.014,23.324,6,1,NA,21,1,5,7,4,2,NA,756,EN,NA,1,0
100,600,1,R_67NJd6XKoRdrTPh,EN,1,1,0,0,34.545,0,1,1,197.029,214.061,219.313,4,NA,NA,NA,NA,NA,NA,7,7,7,7,22.63,36.854,39.833,8,6,5,6,6,6,6,8.012,44.373,49.016,14,4,6,7,6,4,6,7,6,3.486,34.799,38.059,16,2,3,6,1,7.12,33.92,37.876,4,1,NA,65,6,3,2,4,2,"People should be allowed to peacefully protest whatever they want.  But the issue here to me is measurability and the timeframe for same, as to environmental impacts of proposed solutions, as well as costs.",600,EN,NA,1,0
100,1033,1,R_7NW7QFedFz1rrTX,EN,1,1,74.566,74.566,74.914,1,NA,NA,NA,NA,NA,NA,1,1,2.458,499.699,500.263,23,5,6,2,2,13.803,28.077,74.553,9,6,6,6,7,7,7,3.861,83.001,104.877,18,6,7,6,7,7,7,7,7,2.356,31.105,31.543,4,2,3,5,3,4.626,65.438,66.523,5,1,NA,37,1,2,3,7,2,No it was good to take all is well,1033,EN,NA,1,1
100,854,1,R_3TMBq5XgJTPKGYK,EN,1,1,85.396,87.734,91.011,3,NA,NA,NA,NA,NA,NA,1,1,297.614,400.643,440.911,8,6,6,3,2,20.534,91.266,93.011,12,2,3,2,2,3,3,5.246,39.413,41.234,18,1,2,2,2,4,3,4,5,11.996,51.891,54.13,18,5,6,2,6,8.049,26.964,27.874,5,1,NA,61,1,6,4,2,2,None,854,EN,NA,1,1
100,258,1,R_60wt8M90ewhIy2g,EN,1,1,0,0,16.433,0,1,1,14.549,127.834,129.47,17,NA,NA,NA,NA,NA,NA,5,7,3,6,3.067,24.25,26.641,12,5,5,5,6,7,6,2.148,18.535,19.04,12,3,5,5,7,6,6,6,7,1.055,16.555,17.157,16,5,6,2,5,0.384,15.128,15.45,9,1,NA,31,1,5,3,1,2,NA,258,EN,NA,1,0
100,901,1,R_5CJ3AoonGhhTs9Q,EN,1,1,0,0,121.181,0,1,1,0.178,461.905,465.456,53,NA,NA,NA,NA,NA,NA,6,7,6,7,1.493,9.037,11.766,11,3,3,3,3,3,3,1.112,10.973,12.186,12,2,2,3,5,2,2,3,5,0.871,85.613,86.118,36,5,5,3,6,1.004,66.014,66.559,18,1,NA,33,1,5,4,2,2,NA,901,EN,NA,1,0
100,348,1,R_5Oc3unwFcnuJBfv,EN,1,1,0,0,41.919,0,NA,NA,NA,NA,NA,NA,1,1,145.364,169.513,185.253,4,6,6,2,2,8.372,18.827,21.176,5,4,4,4,6,6,6,3.907,16.473,18.6,6,4,6,6,6,6,6,6,6,2.192,18.768,20.759,8,4,5,3,4,4.55,15.5,16.625,4,2,NA,57,5,3,3,7,2,NA,348,EN,NA,1,1
100,838,1,R_6FtS95f9Nmvj7eW,EN,1,1,8.476,49.373,78.585,3,1,1,3.366,457.074,462.263,41,NA,NA,NA,NA,NA,NA,7,7,7,7,7.841,52.622,57.582,10,3,3,3,2,2,2,2.515,29.131,30.992,9,2,1,3,2,2,1,3,2,7.731,33.763,35.2,10,7,7,2,6,7.287,41.435,42.301,10,1,NA,61,2,5,2,5,1,NA,838,EN,NA,1,0
100,907,1,R_7mfwFT8vsHjKw8t,EN,0.8999999761581421,1,0,0,45.673,0,NA,NA,NA,NA,NA,NA,1,1,193.551,376.807,449.821,6,3,7,1,1,21.124,118.692,121.715,15,1,2,2,6,6,6,22.279,44.21,45.466,12,1,1,1,2,2,5,7,5,3.07,51.451,53.209,16,2,6,3,5,10.66,45.202,46.225,5,1,NA,46,1,6,5,2,2,NA,907,EN,NA,1,1
100,557,1,R_6QPfJlyu2PmAOKF,EN,1,1,7.434,23.078,25.261,3,10,0,22.974,138.54,140.454,8,NA,NA,NA,NA,NA,NA,3,5,2,2,91.001,102.911,104.204,8,3,2,4,2,1,3,7.712,25.492,31.573,13,2,2,1,3,2,3,3,3,5.442,29.385,31.18,18,6,7,6,7,8.921,34.117,35.251,5,2,NA,56,1,7,7,2,2,NO,557,EN,NA,1,0
100,287,1,R_1ITavEggEGsEhbm,EN,1,1,0.157,0.157,28.59,1,NA,NA,NA,NA,NA,NA,1,1,112.692,128.906,131.029,4,6,7,2,2,2.968,16.52,17.42,9,3,3,3,7,7,7,2.049,16.099,18.197,15,3,5,7,3,7,7,7,7,1.692,27.78,29.719,25,6,6,2,6,3.646,11.965,13.144,6,2,NA,31,1,8,5,4,2,n/a,287,EN,NA,1,1
100,1001,1,R_1g6QcOApRBSx8JN,EN,1,1,0,0,175.454,0,NA,NA,NA,NA,NA,NA,1,1,17.105,548.331,550.387,13,2,7,2,1,5.995,26.232,27.592,8,2,2,2,7,7,5,5.964,24.155,25.52,13,2,2,2,2,6,6,6,6,3.064,33.609,34.111,20,5,6,2,2,8.061,25.722,26.475,7,2,NA,33,1,5,5,6,2,NA,1001,EN,NA,1,1
100,309,1,R_3Sw1CNuyIJhPmUg,EN,1,1,0,0,21.347,0,10,10,122.384,143.482,144.632,7,NA,NA,NA,NA,NA,NA,6,6,3,6,2.962,21.132,22.072,12,6,4,6,6,4,6,2.175,14.441,15.307,13,4,6,6,7,4,6,6,7,1.938,18.66,19.584,16,2,4,5,3,5.633,18.337,19.574,4,1,NA,50,1,5,3,4,2,none,309,EN,NA,1,0
100,377,1,R_6MiHo4RfvEs5W3R,EN,0.800000012,1,0,0,22.809,0,1,1,131.053,204.273,207.281,5,NA,NA,NA,NA,NA,NA,6,7,7,7,5.151,15.637,16.608,8,6,6,6,6,6,6,4.554,19.215,20.701,12,6,6,6,7,6,6,6,7,2.64,22.2,23.012,16,5,6,3,5,4.012,15.991,16.904,4,1,NA,61,2,6,3,1,2,no,377,EN,NA,1,0
100,590,1,R_61uPWEE8j75dcyN,EN,1,1,46.598,46.598,48.146,1,1,1,32.672,287.806,289.086,15,NA,NA,NA,NA,NA,NA,7,7,7,7,8.05,20.559,22.317,9,3,2,2,4,2,2,11.579,42.552,44.449,15,1,3,3,5,3,5,5,7,7.907,44.393,45.687,19,7,7,2,4,6.607,26.931,28.345,6,2,NA,61,2,3,1,2,2,NA,590,EN,NA,1,0
100,685,1,R_59npyqovbAk9XT4,EN,1,1,0,0,48.349,0,NA,NA,NA,NA,NA,NA,1,1,64.687,116.327,333.845,4,2,NA,NA,1,0,0,87.521,0,4,6,4,7,7,7,0,0,38.334,0,4,6,6,6,7,7,7,7,0,0,49.567,0,2,4,5,3,0,0,39.793,0,2,NA,60,1,8,6,4,2,NA,685,EN,NA,1,1
100,610,1,R_3Vnuv8aWslWFHpv,EN,1,1,37.057,44.866,48.759,6,1,1,9.986,209.324,210.245,19,NA,NA,NA,NA,NA,NA,6,7,6,7,14.659,100.102,104.797,14,3,2,2,3,5,2,17.074,93.18,94.355,15,2,3,5,3,1,2,3,3,2.924,19.21,20.605,16,6,5,6,6,5.237,8.79,11.332,4,1,NA,38,1,8,7,6,2,The study was clear and easy to follow through,610,EN,NA,1,0
100,1132,1,R_7fBtNHy8eCQxUMm,EN,1,1,0,0,63.756,0,NA,NA,NA,NA,NA,NA,1,1,22.196,257.105,258.517,17,6,7,3,2,9.738,44.46,46.392,17,4,4,3,6,7,6,2.578,33.312,37.602,17,5,5,6,6,6,6,7,7,2.856,54.948,59.567,23,4,3,6,3,3.751,22.456,48.282,11,1,NA,40,1,2,2,5,2,NA,1132,EN,NA,1,1
100,346,1,R_6E6aPkzOTDwia1X,EN,1,1,10.371,10.371,14.32,1,1,1,4.25,133.545,134.463,29,NA,NA,NA,NA,NA,NA,1,7,1,7,3.712,15.561,16.922,12,2,2,2,2,2,3,1.662,10.956,12.393,14,1,2,3,2,2,2,3,2,1.365,13.042,13.641,16,5,5,3,6,4.889,17.304,18.166,7,1,NA,46,2,5,6,2,2,NA,346,EN,NA,1,0
100,475,1,R_6P4RIf77k5CKS93,EN,0.6000000238418579,1,4.388,17.581,18.742,5,1,1,0.647,143.119,146.474,19,NA,NA,NA,NA,NA,NA,5,7,5,7,2.203,71.04,81.977,16,4,4,4,4,4,4,11.113,42.96,45.738,14,4,4,4,4,4,4,4,4,2.947,43.502,44.528,19,5,6,5,6,2.604,12.863,15.899,6,1,NA,39,2,5,4,2,2,NA,475,EN,NA,1,0
100,364,1,R_7geH1JWL5BVtWU4,EN,1,1,2.508,14.034,21.344,5,NA,NA,NA,NA,NA,NA,1,1,2.05,126.809,131.909,45,4,4,1,1,3.718,47.055,49.197,27,7,7,7,7,7,7,13.307,27.367,29.003,9,7,7,7,7,7,7,7,7,7.459,24.658,26.252,11,1,1,6,1,8.537,24.153,25.799,8,2,NA,35,5,4,5,6,2,NA,364,EN,NA,1,1
100,531,1,R_5ItTManrYWfVpis,EN,1,1,0,0,113.801,0,NA,NA,NA,NA,NA,NA,1,10,0,0,40.611,0,3,7,2,2,0,0,20.978,0,3,3,3,5,6,6,0,0,46.336,0,2,2,7,7,5,5,7,7,0,0,179.04,0,6,5,1,5,0,0,87.859,0,2,NA,24,2,2,3,4,2,NA,531,EN,NA,1,1
100,404,1,R_1jcWkzLFfhZ2aZz,EN,1,1,2.928,4.076,4.991,2,NA,NA,NA,NA,NA,NA,10,10,5.703,76.864,78.355,7,2,4,2,3,3.849,18.768,20.055,9,2,5,4,4,2,3,1.887,22.103,23.722,15,3,7,3,2,5,6,2,2,2.347,25.774,29.243,16,5,6,4,6,0,0,6.809,0,2,NA,29,1,4,5,6,2,no,404,EN,NA,1,1
100,848,1,R_51cF5kYFIVGKxdX,EN,0.800000012,1,0,0,104.965,0,NA,NA,NA,NA,NA,NA,1,1,82.811,312.069,324.479,8,6,6,1,1,5.082,17.454,18.8,10,1,1,1,7,7,7,3.441,17.485,20.853,13,1,1,1,1,6,7,7,7,2.409,29.299,30.996,18,6,7,2,7,54.341,91.41,92.192,6,2,NA,25,1,5,7,2,2,NA,848,EN,NA,1,1
100,903,1,R_3suiWjH8ZFg8xjc,EN,1,1,2.622,6.936,8.163,2,NA,NA,NA,NA,NA,NA,1,1,15.61,87.712,92.459,8,3,7,2,2,4.121,34.927,35.86,11,4,4,3,5,6,5,2.772,42.623,44.227,15,3,3,4,3,5,6,7,6,2.688,76.886,77.601,19,6,5,1,5,234.088,263.107,264.867,8,1,NA,32,1,7,5,7,2,N/A,903,EN,NA,1,1
100,266,1,R_58H9WxBdke0J43q,EN,1,1,0,0,0.585,0,10,10,0.184,102.047,102.717,20,NA,NA,NA,NA,NA,NA,NA,NA,NA,NA,0,0,2.083,0,1,1,1,1,1,1,1.155,9.993,10.432,13,1,1,1,1,1,1,1,1,0.867,10.327,11.106,19,1,7,2,7,2.172,13.793,14.349,12,1,NA,60,1,7,7,1,2,NA,266,EN,NA,1,0
100,527,1,R_6Y9szpgFDSKdr29,EN,1,1,36.409,37.11,43.812,2,NA,NA,NA,NA,NA,NA,1,10,3.775,250.303,252.178,84,7,7,1,1,6.766,68.907,74.649,12,1,1,1,7,7,7,2.098,25.556,30.254,19,1,1,1,1,7,7,7,7,1.908,20.263,24.542,19,7,7,1,7,3.747,16.72,26.175,4,2,NA,42,2,5,6,3,2,no,527,EN,NA,1,1
100,551,1,R_1GqDmdt8oVuaL5I,EN,1,1,1.424,27.479,28.378,5,1,1,1.032,269.994,270.828,105,NA,NA,NA,NA,NA,NA,3,7,3,7,2.559,58.673,59.299,33,3,2,2,3,2,2,2.934,28.681,32.001,14,2,4,6,3,2,4,6,3,0.948,42.777,43.394,20,7,6,2,6,3.695,21.047,21.7,9,1,NA,58,1,4,4,2,2,NA,551,EN,NA,1,0
100,360,1,R_5ClsbUnhzpsVIi7,EN,1,1,0,0,10.697,0,1,1,95.746,114.977,165.919,4,NA,NA,NA,NA,NA,NA,7,7,7,7,12.776,21.588,24.99,9,4,3,2,4,3,2,1.862,13.154,14.933,15,2,3,5,3,2,3,5,3,1.801,21.256,22.104,20,7,7,1,7,7.941,14.521,19.349,4,2,NA,47,1,5,2,1,2,NA,360,EN,NA,1,0
100,641,1,R_1S13WeJp361e2dn,EN,1,1,0,0,57.59,0,10,1,176.576,280.655,287.203,5,NA,NA,NA,NA,NA,NA,7,7,7,7,21.19,61.326,62.578,10,6,7,7,6,7,7,6.008,49.944,51.195,19,6,7,7,7,6,7,7,7,1.78,20.485,22.031,16,2,5,4,3,4.547,35.635,38.423,5,1,NA,58,1,3,3,3,2,NA,641,EN,NA,1,0
100,1305,1,R_5B8U05MN72TvIuB,EN,1,1,16.027,76.043,96.677,5,NA,NA,NA,NA,NA,NA,1,10,41.514,500.778,522.96,11,6,6,3,3,23.008,207.529,213.332,17,4,3,3,6,5,5,17.202,126.142,130.622,25,3,5,5,6,5,5,6,6,10.375,107.319,118.837,21,5,4,6,2,14.404,67.636,109.785,5,1,NA,51,1,3,2,3,2,NA,1305,EN,NA,1,1
100,691,1,R_3Hi4WVDVAgjEZ1C,EN,1,1,0,0,36.868,0,1,1,173.723,243.458,249.927,9,NA,NA,NA,NA,NA,NA,2,7,2,7,8.36,39.632,41.802,10,2,4,3,2,4,3,6.16,19.32,21.31,12,1,3,3,2,1,3,2,2,2.224,23.181,24.53,17,5,6,4,5,101.046,127.683,128.996,7,2,NA,24,1,8,6,6,2,NA,691,EN,NA,1,0
100,728,1,R_6PmXKBabyrpOpOQ,EN,1,1,0,0,107.691,0,1,1,7.431,197.126,202.296,20,NA,NA,NA,NA,NA,NA,3,7,3,6,6.438,28.416,29.547,13,2,3,4,2,3,3,3.315,34.441,35.692,17,2,2,2,3,4,5,4,3,2.22,30.283,31.342,18,6,4,5,6,8.968,27.174,28.504,5,1,NA,29,1,8,5,7,2,NA,728,EN,NA,1,0
100,1115,1,R_5jrx7EIjNZTuMpz,EN,1,1,0,0,102.385,0,NA,NA,NA,NA,NA,NA,1,1,2.125,586.565,592.362,72,6,6,2,1,84.65,108.695,111.034,10,2,3,2,7,6,7,4.333,26.814,28.208,13,2,3,2,2,6,6,7,6,4.849,74.393,76.022,19,5,6,5,5,16.522,85.316,87.397,5,1,NA,54,1,8,6,1,2,NA,1115,EN,NA,1,1
100,398,1,R_1eWAOZc2SuGpYWI,EN,0.800000012,1,0,0,27.58,0,1,1,108.327,199.802,202.265,7,NA,NA,NA,NA,NA,NA,5,7,5,7,10.1,20.874,22.971,8,3,3,3,3,3,3,4.3,21.865,23.2,13,3,4,5,5,3,4,5,5,4.197,24.54,26.3,16,2,2,5,2,7.282,19.896,21.245,4,1,NA,32,1,3,3,4,2,:),398,EN,NA,1,0
100,946,1,R_5sRysqxjlOj2V42,EN,1,1,0,0,112.519,0,NA,NA,NA,NA,NA,NA,1,1,461.134,527.517,528.75,2,6,6,2,2,11.126,46.234,48.036,10,3,3,3,6,6,6,8.991,40.227,41.174,16,4,6,6,6,4,5,6,6,4.634,41.112,42.565,20,6,6,2,6,13.513,46.227,48.541,4,2,NA,54,5,3,5,4,2,NA,946,EN,NA,1,1
100,831,1,R_31BsXPuaIPWBNGY,EN,1,1,44.56,49.731,50.906,3,NA,NA,NA,NA,NA,NA,1,1,177.229,490.455,510.295,9,6,6,7,7,14.876,27.803,29.883,8,2,2,2,5,6,6,4.096,22.848,24.371,13,1,2,2,2,4,3,5,4,2.687,28.16,29.513,16,5,7,1,7,7.875,28.844,30.105,5,1,NA,46,1,5,5,3,2,NA,831,EN,NA,1,1
100,735,1,R_7GlVFzRrJwa2Wyt,EN,1,1,0,0,50.564,0,NA,NA,NA,NA,NA,NA,1,10,141.697,416.119,418.331,5,4,7,5,1,20.932,39.138,40.777,8,2,2,3,5,5,5,4.887,24.79,26.555,14,2,3,2,3,5,5,4,6,3.282,29.258,30.785,16,5,6,3,5,10.231,26.836,27.564,5,2,NA,24,1,2,2,3,2,no,735,EN,NA,1,1
100,388,1,R_7zhZFT9e0izHSsZ,EN,0.8999999761581421,1,2.577,5.055,13.64,2,1,1,0.334,110.444,112.791,6,NA,NA,NA,NA,NA,NA,3,7,3,7,35.964,57.813,59.008,8,3,2,3,3,3,3,12.707,27.914,29.031,12,3,3,3,2,3,3,3,2,2.939,34.45,37.134,18,5,5,4,5,2.199,5.515,9.898,4,1,NA,37,1,8,7,4,2,great study will love to participate in more like this,388,EN,NA,1,0
100,1213,1,R_3GDtxkjXtEHDD30,EN,1,1,44.069,271.664,286.724,4,NA,NA,NA,NA,NA,NA,1,10,60.993,227.562,233.08,10,4,3,2,3,3.849,41.453,47.997,11,3,3,3,4,5,5,46.183,88.35,90.724,16,3,4,4,5,6,6,6,6,2.8,57.717,65.668,22,7,6,1,7,7.445,40.939,42.621,6,2,NA,46,2,5,1,2,2,NA,1213,EN,NA,1,1
100,791,1,R_7MXJ9gcGOhXYCEe,EN,0.699999988,1,1.496,1.496,41.078,1,NA,NA,NA,NA,NA,NA,10,10,1.121,342.453,418.882,10,2,2,4,4,2.664,45.295,46.913,15,2,3,2,3,3,2,3.423,22.357,24.759,13,2,2,2,2,4,4,4,5,26.144,57.865,59.17,18,6,7,2,6,21.476,86.738,90.25,7,2,NA,39,1,7,5,1,2,none,791,EN,NA,1,1
100,1248,1,R_1uqiNZL5evByNmD,EN,1,1,0,0,15.248,0,1,1,3.333,1029.332,1030.509,41,NA,NA,NA,NA,NA,NA,3,6,3,6,3.035,17.702,21.294,12,7,7,7,7,7,7,2.305,34.749,37.253,23,7,7,7,7,7,7,7,7,1.214,19.081,21.346,17,1,1,7,1,3.61,17.385,19.012,6,1,NA,30,2,3,4,4,2,Not going to support a study that lies to its participants.  I will return it.,1248,EN,NA,1,0
100,1071,1,R_6FwXOiCANU967Gq,EN,1,1,3.027,8.282,9.102,2,1,10,0.986,741.032,772.523,21,NA,NA,NA,NA,NA,NA,2,7,2,7,1.046,12.577,14.078,12,3,3,3,3,3,3,1.039,10.045,114.116,14,2,6,7,6,2,6,7,6,1.062,11.512,12.26,16,7,6,1,7,68.572,94.391,95.179,7,2,NA,43,5,2,2,3,2,NA,1071,EN,NA,1,0
100,296,1,R_1cXMFr69SFu3fOa,EN,1,1,0,0,18.077,0,1,1,2.483,159.48,160.587,25,NA,NA,NA,NA,NA,NA,5,7,5,7,2.741,16.341,17.702,5,5,5,5,5,5,5,3.447,15.053,16.535,7,4,6,6,6,4,5,6,6,3.452,21.246,23.148,9,3,5,3,5,5.599,19.431,20.15,4,1,NA,53,1,8,6,2,2,NA,296,EN,NA,1,0
100,1027,1,R_333sFgkdK0hNHTb,EN,1,1,9.126,44.324,56.4,3,1,1,15.79,241.573,243.137,6,NA,NA,NA,NA,NA,NA,5,6,6,6,6.118,157.542,158.684,12,3,3,2,3,3,2,5.053,25.098,26.775,16,2,2,3,3,2,2,3,3,8.518,28.347,30.479,16,6,5,3,6,9.469,25.31,26.799,5,1,NA,52,1,8,7,6,2,NA,1027,EN,NA,1,0
100,312,1,R_53F92SZiqomJHa1,EN,1,1,1.495,16.551,68.179,3,NA,NA,NA,NA,NA,NA,1,1,5.703,55.881,62.878,8,7,7,1,1,5.617,26.359,29.089,10,7,7,7,7,7,7,2.418,12.778,17.486,13,7,7,7,7,7,7,7,7,0.918,14.24,16.185,19,5,1,4,4,7.621,22.076,23.555,6,2,NA,53,1,4,2,5,2,NA,312,EN,NA,1,1
100,534,1,R_5901iE0NcVlcWpL,EN,1,1,0,0,94.755,0,1,1,209.424,248.16,249.665,4,NA,NA,NA,NA,NA,NA,6,7,6,7,7.843,17.995,22.965,4,3,2,3,3,2,3,5.841,23.424,26.356,6,2,3,5,3,2,3,5,3,5.389,28.222,30.157,8,7,7,2,7,4.301,16.584,18.206,4,2,NA,62,6,3,2,1,2,NA,534,EN,NA,1,0
100,226,1,R_58RTCGrDpFp1d97,EN,1,1,4.791,4.791,12.123,1,1,1,1.974,106.763,110.437,57,NA,NA,NA,NA,NA,NA,7,7,7,7,2.081,13.237,14.132,11,1,1,1,1,1,1,1.743,11.246,11.944,8,1,4,4,3,1,4,4,3,1.09,14.655,15.225,10,7,7,1,7,2.107,9.431,9.938,8,2,NA,23,3,2,1,1,2,NA,226,EN,NA,1,0
100,439,1,R_3VLbmZDueNi2CXj,EN,0.6000000238418579,1,4.191,4.191,18.135,1,NA,NA,NA,NA,NA,NA,1,1,2.579,143.016,144.792,23,4,3,2,1,3.555,14.226,15.437,9,6,5,3,7,7,6,2.321,26.552,27.967,19,7,6,6,4,7,7,7,7,2.82,36.001,37.266,32,6,5,5,4,1.634,7.47,8.442,7,1,NA,34,2,2,3,6,2,NA,439,EN,NA,1,1
100,2314,1,R_12u484bJRzWhhfP,EN,1,1,0,0,790.582,0,1,1,1406.508,1415.325,1417.232,3,NA,NA,NA,NA,NA,NA,6,6,6,6,1.272,10.102,10.772,6,4,5,5,4,5,5,1.07,11.086,12.855,7,2,4,4,5,2,4,4,5,0.902,18.686,20.437,12,7,6,2,6,5.835,13.352,13.955,5,2,NA,22,2,5,1,2,2,NA,2314,EN,NA,1,0
100,1095,1,R_1jkNUYofCd4znQl,EN,1,1,13.674,19.712,59.748,3,NA,NA,NA,NA,NA,NA,1,1,252.614,551.61,587.672,12,1,6,2,2,10.378,225.268,226.239,19,2,3,3,6,6,6,4.459,37.007,39.217,18,1,2,2,2,6,6,6,6,2.868,27.085,28.89,16,5,6,4,5,10.577,31.269,32.349,4,1,NA,36,1,5,5,4,2,The concept of the survey is good.,1095,EN,NA,1,1
100,428,1,R_13jsaZfXnmZvJfa,EN,1,1,28.207,30.736,32.716,2,NA,NA,NA,NA,NA,NA,1,1,12.278,221.788,222.5,51,2,6,2,2,7.502,37.187,37.569,15,7,7,7,7,7,7,9.544,19.166,19.7,7,4,7,7,7,6,7,7,7,4.188,18.82,19.355,10,4,5,5,3,8.034,23.065,23.6,13,2,NA,42,5,3,2,7,2,NA,428,EN,NA,1,1
100,1258,1,R_7WuwNXSpQ7RT1s6,EN,0.800000012,1,0,0,10.578,0,1,1,43.981,144.179,145.555,6,NA,NA,NA,NA,NA,NA,2,4,1,3,3.747,11.539,15.299,4,4,4,6,1,3,2,4.646,19.667,26.121,6,1,3,5,3,4,2,4,3,1.771,26.472,30.535,8,7,6,5,4,5.227,8.92,926.905,4,2,NA,24,1,8,7,6,2,none,1258,EN,NA,1,0
100,930,1,R_6hsv6n0KtAtc9ds,EN,1,1,7.347,27.371,43.698,5,NA,NA,NA,NA,NA,NA,1,10,0.18,418.061,419.912,102,3,7,1,1,8.12,120.505,121.004,30,2,3,2,7,7,7,5.663,78.256,80.532,16,1,2,2,3,7,7,7,7,3.397,59.832,60.767,28,7,7,1,6,6.281,73.589,74.279,11,1,NA,42,1,3,6,7,2,NA,930,EN,NA,1,1
100,511,1,R_5NDliIJd1DVzlkQ,EN,1,1,0,0,28.732,0,NA,NA,NA,NA,NA,NA,1,1,1.262,185.687,186.455,40,6,7,1,1,3.346,81.834,82.672,13,2,2,2,7,7,7,41.773,55.584,56.91,12,2,2,2,2,6,7,7,6,1.949,62.163,62.829,18,6,7,6,6,1.456,20.405,21.063,8,2,NA,34,2,2,6,6,2,NA,511,EN,NA,1,1
100,850,1,R_5XuyXnRbX0Ytvcl,EN,1,1,4.37,12.81,45.277,3,NA,NA,NA,NA,NA,NA,1,10,8.855,292.031,294.213,14,7,7,1,1,5.747,93.235,95.146,15,2,2,2,6,7,7,10.16,26.728,29.083,12,1,1,2,2,7,7,7,7,8.737,30.937,33.245,17,6,7,2,7,5.581,31.541,36.417,6,1,NA,55,1,4,5,5,2,"I found this study interesting, informative and it gave me a better understanding of the topic.",850,EN,NA,1,1
100,605,1,R_50ja8dmQn7urSIF,EN,1,1,0,0,51.056,0,1,1,319.31,341.81,344.022,4,NA,NA,NA,NA,NA,NA,6,7,6,6,6.854,36.104,37.556,16,2,3,2,2,2,2,2.856,21.942,23.001,16,2,3,2,2,2,3,2,2,2.118,27.975,30.189,17,7,7,2,6,5.655,21.341,23.155,4,2,NA,65,1,7,7,2,2,NA,605,EN,NA,1,0
100,868,1,R_500gQUqsm9gRa6Z,EN,1,1,73.556,73.556,202.532,1,1,1,20.692,439.253,440.731,27,NA,NA,NA,NA,NA,NA,5,7,3,7,4.072,19.163,20.139,8,3,3,4,3,3,3,2.8,24.229,24.788,16,3,2,6,3,3,2,6,3,2.41,26.508,27.663,18,6,5,3,5,7.89,40.667,42.438,9,2,NA,47,1,5,4,5,2,NA,868,EN,NA,1,0
100,271,1,R_7IaySpkNdPzOFDC,EN,1,1,0,0,18.593,0,NA,NA,NA,NA,NA,NA,1,10,110.186,134.802,147.218,6,5,7,2,1,3.126,13.174,14.982,4,1,1,1,7,7,7,1.031,9.584,11.317,7,1,2,1,2,7,7,7,7,0.886,11.879,13.379,8,7,7,7,7,2.919,7.797,8.495,4,1,NA,23,1,2,2,3,2,I enjoyed participating in this study and found the article to be engaging and interesting.,271,EN,NA,1,1
100,942,1,R_5a8DxlK8FiHdqOt,EN,1,1,8.171,8.171,11.914,1,1,1,1.899,119.605,120.01,30,NA,NA,NA,NA,NA,NA,1,6,NA,NA,3.473,5.224,7.265,2,1,1,1,1,1,1,1.457,9.61,9.627,7,1,1,1,1,1,1,1,1,0.866,11.223,11.5,11,7,7,1,7,2.072,8.195,8.564,8,2,NA,30,3,5,1,1,2,NA,942,EN,NA,1,0
100,1216,1,R_1dKdZEacKVFvBS7,EN,0.800000012,1,0,0,14.46,0,NA,NA,NA,NA,NA,NA,1,1,0.601,780.994,801.548,10,6,2,5,6,12.075,109.095,110.609,16,6,6,7,1,3,2,47.847,67.842,69.194,12,7,6,5,5,1,3,2,2,2.164,26.268,27.764,18,6,5,4,6,2.025,6.21,8.791,5,2,NA,27,1,6,5,6,2,no,1216,EN,NA,1,1
100,847,1,R_6melhhlqOh2bUdC,EN,1,1,0,0,33.355,0,NA,NA,NA,NA,NA,NA,1,1,412.081,489.217,491.284,2,4,7,1,1,10.114,38.101,39.429,8,3,3,3,6,6,6,6.033,30.626,32.349,16,3,6,4,4,6,7,6,6,4.438,41.617,43.201,21,6,6,2,6,6.912,27.225,29.1,5,2,NA,55,2,5,4,2,2,NA,847,EN,NA,1,1
100,2191,1,R_7CPNircn4uK8RQS,EN,0.8999999761581421,1,137.742,137.742,139.733,1,1,1,18.378,758.75,759.528,29,NA,NA,NA,NA,NA,NA,6,6,6,6,69.7,180.411,182.526,8,7,7,7,2,2,2,77.906,93.181,95.09,13,6,6,6,6,2,2,2,2,2.556,23.386,25.432,17,6,6,1,6,5.452,58.194,58.991,5,1,NA,32,1,8,6,2,2,NA,2191,EN,NA,1,0
100,700,1,R_5IbYBG1nPm2bElt,EN,1,1,0,0,92.858,0,1,1,346.844,359.782,375.276,4,NA,NA,NA,NA,NA,NA,7,7,7,7,9.267,17.249,20.067,4,3,3,3,3,3,3,10.238,31.611,32.495,8,2,4,3,4,2,4,3,4,13.564,40.834,42.278,9,5,4,4,3,8.641,22.515,23.653,4,2,NA,44,1,8,6,3,2,NA,700,EN,NA,1,0
100,533,1,R_5xtf6TrCymWzX5D,EN,1,1,20.1,48.717,49.457,3,NA,NA,NA,NA,NA,NA,1,1,9.805,277.816,282.437,8,7,7,2,2,19.826,30.601,33.301,4,2,2,2,7,7,7,1.799,12.329,14.723,8,2,4,4,4,6,6,6,6,1.467,20.05,22.246,8,5,6,2,2,7.572,21.795,22.712,5,2,NA,49,2,8,6,1,2,NA,533,EN,NA,1,1
100,1156,1,R_3CW8NThApWBWq6R,EN,1,1,0,0,89.098,0,NA,NA,NA,NA,NA,NA,1,1,515.395,600.235,619.168,2,6,6,1,1,21.636,36.707,39.788,10,6,6,6,7,7,7,8.016,31.363,32.775,21,6,6,NA,6,7,7,7,7,1.705,25.465,26.857,20,5,6,2,6,5.77,27.37,27.874,5,1,NA,45,1,8,7,7,2,NA,1156,EN,NA,1,1
100,422,1,R_1QMbgMBUrF5zGZ6,EN,1,1,2.751,8.511,9.412,2,1,1,2.919,143.885,161.493,8,NA,NA,NA,NA,NA,NA,2,5,3,5,31.621,61.99,62.896,13,3,4,3,2,3,4,2.986,12.851,13.87,12,2,2,3,2,3,3,2,1,2.191,18.208,23.475,17,6,6,5,5,2.208,5.911,8.802,5,2,NA,34,2,8,6,6,2,NO,422,EN,NA,1,0
100,438,1,R_5NOvnTetZTRwr3X,EN,1,1,14.199,14.985,15.595,2,NA,NA,NA,NA,NA,NA,1,10,78.665,284.723,286.28,21,2,4,4,3,2.856,14.256,15.512,9,4,4,3,3,3,2,3.207,15.475,16.888,12,3,3,2,3,1,4,3,2,1.634,19.605,21.181,16,5,4,5,5,3.092,7.993,9.402,4,1,NA,38,1,5,6,6,2,NA,438,EN,NA,1,1
100,945,1,R_6vcvRFfDKCSjQtI,EN,0.800000012,1,0,0,280.56,0,1,1,214.251,310.449,417.101,5,NA,NA,NA,NA,NA,NA,2,7,1,7,4.901,32.619,35.04,8,3,4,2,4,4,2,5.219,20.248,22.984,8,1,1,1,2,1,1,1,2,19.175,37.011,41.148,10,6,7,2,7,5.567,18.384,23.64,5,1,NA,30,2,5,2,4,2,No,945,EN,NA,1,0
100,905,1,R_31Fd4dvkxXPjzDr,EN,1,1,1.363,1.707,14.583,2,NA,NA,NA,NA,NA,NA,1,1,2.255,161.33,162.805,7,4,5,3,5,1.928,10.6,11.405,11,5,5,5,5,5,5,0.988,8.694,9.181,13,6,6,7,7,6,6,7,7,0.853,14.717,15.419,22,3,2,3,3,0.834,2.139,3.391,4,1,NA,22,1,3,2,5,2,"no but thanks
",905,EN,NA,1,1
100,723,1,R_6g2Tb5guyTcHpFT,EN,1,1,1.475,144.999,332.065,5,1,1,3.544,170.078,171.178,11,NA,NA,NA,NA,NA,NA,7,7,7,7,4.718,44.454,45.48,14,3,2,3,2,3,2,1.68,18.328,19.097,13,2,3,2,2,3,3,2,2,1.336,16.378,17.024,19,6,6,3,5,3.132,14.322,17.715,5,1,NA,49,1,5,6,6,2,NA,723,EN,NA,1,0
100,489,1,R_6eXFVXDHN3z5qXW,EN,1,1,11.668,18.416,31.801,2,1,1,2.83,240.327,249.674,64,NA,NA,NA,NA,NA,NA,2,7,2,7,8.571,27.294,28.131,7,2,3,3,2,3,2,3.963,19.306,20.124,9,2,5,3,5,2,5,3,6,1.626,28.519,31.192,10,6,6,3,5,2.145,31.419,32.374,11,2,NA,60,6,5,7,3,2,no,489,EN,NA,1,0
100,258,1,R_1husEUFxTMyTTgy,EN,1,1,1.49,6.599,7.462,5,NA,NA,NA,NA,NA,NA,10,10,2.057,110.691,112.111,29,2,4,2,4,1.378,16.837,17.951,13,3,4,3,3,4,2,1.349,13.193,13.936,14,2,3,4,2,2,3,4,2,1.19,15.727,16.476,18,3,4,5,4,1.536,3.771,5.635,5,2,NA,24,1,5,4,2,2,NA,258,EN,NA,1,1
100,586,1,R_37xlgPuYB5VxCvr,EN,1,1,16.636,40.036,40.952,5,1,1,1.905,255.633,256.02,31,NA,NA,NA,NA,NA,NA,2,6,2,6,8.845,20.193,20.877,8,3,6,5,5,6,6,6.075,26.39,27.625,12,2,3,6,3,2,3,6,3,2.299,22.792,23.235,21,6,6,6,6,7.301,20.083,20.645,9,1,NA,27,2,8,2,2,2,no,586,EN,NA,1,0
100,471,1,R_33DNBRbLgT4N3gN,EN,1,1,29.675,43.903,44.784,5,NA,NA,NA,NA,NA,NA,1,1,14.661,209.903,266.582,11,5,7,1,1,4.796,32.79,35.025,14,2,2,2,5,6,3,3.446,16.7,17.758,12,1,2,2,4,6,7,7,4,1.652,18.122,20.315,16,7,6,2,5,3.736,18.532,19.415,5,2,NA,47,1,3,3,1,2,NA,471,EN,NA,1,1
100,1309,1,R_1cxCI2O6ZEQBUKR,EN,1,1,0,0,92.324,0,NA,NA,NA,NA,NA,NA,1,1,135.464,353.934,355.83,6,2,4,2,4,4.901,38.007,41.379,16,2,3,2,3,3,2,3.913,43.122,47.369,12,2,2,2,2,2,2,2,2,2.7,25.425,27.428,16,6,6,6,6,1.973,9.044,11.036,4,2,NA,42,1,8,6,2,2,non,1309,EN,NA,1,1
100,1622,1,R_5GDt5HklOTXntRj,EN,0.699999988,1,0,0,179.95,0,NA,NA,NA,NA,NA,NA,1,1,277.921,823.021,823.964,36,7,7,1,1,26.733,122.425,125.773,12,1,1,1,7,7,7,9.007,25.068,33.491,12,1,1,1,1,7,7,7,7,3.92,41.18,42.458,20,6,6,3,6,4.482,56.469,59.181,11,2,NA,48,1,5,7,5,2,no,1622,EN,NA,1,1
100,626,1,R_3eDWKOg0NNbSiyR,EN,1,1,137.529,138.002,155.461,2,NA,NA,NA,NA,NA,NA,1,1,17.244,252.356,253.697,9,3,6,4,3,5.514,17.194,18.062,8,2,2,2,3,3,6,6.919,21.286,24.462,12,2,2,2,2,4,4,4,4,3.163,19.806,20.955,16,5,5,5,5,10.742,18.084,19.683,4,1,NA,28,1,8,5,2,2,no,626,EN,NA,1,1
100,1126,1,R_1SqWbaMsWetD5z3,EN,1,1,46.44,76.067,77.169,4,1,1,21.927,524.083,525.751,61,NA,NA,NA,NA,NA,NA,2,6,2,6,30.812,135.73,137.841,10,1,1,1,1,1,1,13.569,26.8,32.172,12,1,1,1,1,1,1,1,1,8.132,28.666,29.45,19,6,6,2,6,41.163,115.073,116.31,9,2,NA,29,2,5,5,6,2,no,1126,EN,NA,1,0
100,607,1,R_3Hj2V9ahDeVDf6e,EN,1,1,0,0,30.167,0,NA,NA,NA,NA,NA,NA,1,1,234.5,314.179,316.205,7,2,1,1,2,4.787,24.071,25.254,10,3,2,2,1,1,1,2.349,15.119,17.005,12,1,1,2,1,2,1,2,1,2.415,22.211,24.42,17,6,3,5,6,1.999,6.973,8.638,5,2,NA,48,1,8,6,7,2,no,607,EN,NA,1,1
100,332,1,R_6LMy3zdM24qeLaV,EN,0.4000000059604645,1,0,0,17.789,0,NA,NA,NA,NA,NA,NA,1,1,1.883,199.214,200.305,57,5,7,1,2,7.399,14.318,17.104,7,3,3,2,6,6,7,4.636,14.104,15.267,7,2,3,5,2,4,6,7,6,3.327,19.662,19.9,10,6,5,3,2,2.363,9.951,10.639,8,1,NA,28,4,3,3,2,2,NA,332,EN,NA,1,1
100,646,1,R_5C9dDv1hiGSvE6F,EN,1,1,0,0,35.738,0,1,1,187.37,265.054,269.819,4,NA,NA,NA,NA,NA,NA,6,7,6,7,8.37,30.884,34.218,10,4,5,5,4,5,5,6.09,86.003,87.003,17,4,6,7,7,4,6,7,7,5.415,52.232,53.944,20,4,5,3,5,8.43,36.381,38.378,9,2,NA,67,1,5,3,5,2,no,646,EN,NA,1,0
100,336,1,R_3jhxkIvWWuRhwv7,EN,0.8999999761581421,1,4.885,5.333,7.731,2,10,1,5.276,135.92,145.99,8,NA,NA,NA,NA,NA,NA,1,7,1,7,3.753,35.418,38.661,9,1,1,1,1,1,1,3.066,14.462,16.05,12,1,1,1,1,1,1,1,1,1.683,15.925,17.474,17,7,7,1,7,7.535,36.895,45.782,6,1,NA,36,1,8,7,7,2,NA,336,EN,NA,1,0
100,1703,1,R_3tb3AbfgBPSwrIZ,EN,0.699999988,1,1.368,131.99,158.611,2,1,1,3.37,443.81,444.859,67,NA,NA,NA,NA,NA,NA,7,7,7,7,3.294,12.165,12.854,10,1,1,1,1,1,1,1.806,11.59,12.612,13,1,1,1,1,1,1,1,1,1.514,11.806,12.402,17,7,7,1,4,3.563,29.505,30.551,16,2,NA,28,2,5,1,6,2,NA,1703,EN,NA,1,0
100,1314,1,R_5vdilndxwoQ6GqQ,EN,0.699999988,1,15.537,69.109,69.648,5,1,1,60.566,361.033,367.015,46,NA,NA,NA,NA,NA,NA,7,6,6,7,4.869,118.277,160.78,12,6,6,4,6,5,4,128.129,163.563,165.366,13,4,5,6,6,5,6,7,7,50.495,185.009,186.806,22,6,6,3,6,112.282,152.771,153.291,6,1,NA,34,1,8,6,6,2,N/A,1314,EN,NA,1,0
100,567,1,R_3P7XXuKvOYyiweL,EN,1,1,0,0,63.1,0,NA,NA,NA,NA,NA,NA,1,1,19.835,327.691,328.701,11,1,1,7,7,10.999,24.871,27.702,8,6,6,6,1,1,1,2.274,16.952,18.048,12,2,4,5,3,1,1,1,1,5.01,29.811,30.725,19,7,7,1,7,18.773,31.6,32.499,5,2,NA,60,2,2,4,4,2,NA,567,EN,NA,1,1
100,663,1,R_6Tdlj3PpIXaXZbb,EN,1,1,7.054,22.4,32.794,4,NA,NA,NA,NA,NA,NA,1,1,1.892,291.731,292.424,64,5,7,1,1,2.364,16.154,19.657,9,7,7,7,7,7,7,2.122,9.783,11.2,7,7,7,7,7,7,7,7,7,1.255,12.828,13.576,11,2,2,6,1,3.971,24.35,25.075,10,1,NA,37,1,2,5,6,2,NA,663,EN,NA,1,1
100,627,1,R_7Pdrj5xGkus8hHg,EN,1,1,0,0,47.755,0,1,1,135.919,270.785,273.653,4,NA,NA,NA,NA,NA,NA,6,6,6,6,46.042,64.589,67.886,14,3,2,3,3,2,3,5.603,30.382,31.468,12,2,5,5,5,2,5,5,5,1.334,21.018,21.696,16,6,6,3,3,32.765,48.377,49.371,6,1,NA,40,1,6,7,5,2,N/A,627,EN,NA,1,0
100,528,1,R_70NAeqC75TPdzTO,EN,1,1,0,0,16.043,0,1,1,121.731,135.499,137.645,2,NA,NA,NA,NA,NA,NA,4,4,4,4,7.522,19.849,21.302,8,7,7,7,7,7,7,5.113,17.387,19.472,12,7,7,7,7,7,7,7,7,2.31,18.095,19.966,16,5,5,3,5,4.057,17.673,18.486,4,1,NA,63,1,5,6,4,2,no,528,EN,NA,1,0
100,889,1,R_6C2T4dvxnYCUq68,EN,1,1,2.453,35.713,38.151,3,1,1,6.837,289.387,291.564,26,NA,NA,NA,NA,NA,NA,6,7,6,7,41.361,67.549,69.239,10,3,3,3,3,3,3,34.769,65.065,72.215,13,3,3,6,6,3,3,5,5,46.846,86.853,88.174,17,7,7,1,6,49.483,98.83,101.699,9,1,NA,30,3,4,5,1,2,NA,889,EN,NA,1,0
100,762,1,R_50U4XQ7kHVzxmqG,EN,1,1,0,0,62.011,0,NA,NA,NA,NA,NA,NA,1,1,12.061,334.307,335.954,13,3,6,2,2,26.969,71.218,74.093,10,2,3,3,6,6,6,17.665,40.811,42.308,13,1,2,4,3,3,3,6,4,15.026,55.571,57.071,19,5,6,2,6,19.934,46.52,48.01,6,2,NA,21,2,5,2,4,2,NA,762,EN,NA,1,1
100,641,1,R_1KTQ3bxSDhlGIhN,EN,1,1,2.775,63.134,64.676,3,1,1,1.696,178.823,180.029,14,NA,NA,NA,NA,NA,NA,7,7,6,7,13.565,117.413,120.692,14,2,2,3,3,3,3,7.1,85.531,86.73,16,2,3,3,4,2,3,5,4,5.031,74.015,75.157,20,6,7,2,6,8.201,22.814,24.105,5,2,NA,51,2,5,5,2,2,NA,641,EN,NA,1,0
100,288,1,R_5hoYdEXCI6dfq2l,EN,1,1,11.435,14.468,15.068,4,1,1,1.775,176.209,177.182,43,NA,NA,NA,NA,NA,NA,3,5,NA,NA,3.187,9.192,9.1,4,3,3,3,3,3,3,2.145,15.273,16.748,14,4,6,6,6,4,6,6,6,1.619,20.055,21.098,16,6,4,4,4,3.291,8.46,8.779,9,2,NA,23,1,2,4,2,2,NA,288,EN,NA,1,0
100,701,1,R_6xy2mBbJbrWHMzL,EN,0.699999988,1,29.203,29.203,29.945,1,NA,NA,NA,NA,NA,NA,1,1,13.245,265.718,266.909,32,3,3,2,6,4.872,15.199,16.541,9,4,6,4,3,3,4,101.843,129.647,130.855,15,3,2,5,4,4,4,4,2,46.046,72.121,88.473,16,5,4,3,4,5.471,9.605,10.9,4,1,NA,62,1,6,5,2,2,NA,701,EN,NA,1,1
100,619,1,R_7b1RV7aUuH7aX1R,EN,1,1,5.382,5.382,6.269,1,NA,NA,NA,NA,NA,NA,1,1,34.485,214.263,215.447,6,NA,NA,NA,NA,7.319,8.395,10.84,2,1,1,2,7,7,NA,13.676,51.053,52.573,20,1,1,1,2,7,7,7,7,4.002,20.128,21.004,20,6,6,1,6,11.039,17.536,18.38,8,2,NA,29,1,5,3,5,2,"Yes, I accidently clicked the arrow on a question before answering. I apologize!",619,EN,NA,1,1
100,2319,1,R_6AhqqoP2zbNfkCl,EN,1,1,0,0,377.249,0,10,1,529.017,552.092,553.936,5,NA,NA,NA,NA,NA,NA,3,5,4,6,77.956,93.8,94.868,11,3,4,3,3,3,3,41.072,58.07,59.893,14,2,3,4,4,2,2,4,4,16.501,45.462,46.591,20,5,6,2,6,6.184,24.67,25.642,6,1,NA,53,2,8,3,1,2,NA,2319,EN,NA,1,0
100,630,1,R_3g9Wi0VKJyepmO5,EN,1,1,0,0,34.33,0,1,1,170.701,214.598,217.529,4,NA,NA,NA,NA,NA,NA,7,7,7,7,5.369,13.535,14.089,8,1,1,1,1,1,1,12.38,21.398,22.172,13,1,1,1,7,1,1,1,7,7.248,21.531,22.453,16,7,7,1,7,33.988,48.886,49.86,4,1,NA,71,6,4,2,2,2,none,630,EN,NA,1,0
100,509,1,R_3gdNAZSLlKFXYkD,EN,1,1,0,0,44.157,0,NA,NA,NA,NA,NA,NA,1,1,236.118,258.777,260.684,4,6,7,2,2,16.902,27.23,30.927,8,3,3,3,6,6,5,17.539,45.467,46.712,17,3,4,4,4,7,7,7,7,3.592,31.138,32.739,19,4,6,3,3,11,28.644,29.911,5,1,NA,46,2,3,1,3,2,NA,509,EN,NA,1,1
100,1608,1,R_3bJMJkxBrc7WyvD,EN,1,1,3.69,17.086,101.04,2,NA,NA,NA,NA,NA,NA,1,1,18.393,931.977,937.406,27,2,6,2,1,25.776,127.01,129.986,11,4,4,4,6,7,6,6.709,42.528,43.991,14,4,6,6,6,6,7,7,7,22.86,57.762,67.14,18,2,2,6,2,13.181,109.015,110.39,5,2,NA,25,1,5,5,7,2,no comments,1608,EN,NA,1,1
100,766,1,R_3Q9KWhAJjEoXAOY,EN,1,1,51.148,51.547,55.296,2,NA,NA,NA,NA,NA,NA,10,1,43.375,280.758,282.438,7,2,6,2,5,6.757,18.949,22.585,11,3,2,3,2,2,3,1.723,13.487,14.16,18,1,2,2,3,2,3,1,3,1.212,250.087,250.858,19,6,5,6,6,1.288,5.224,6.209,5,2,NA,67,1,8,6,7,2,NA,766,EN,NA,1,1
100,631,1,R_52Fi5DKEoSGEw5E,EN,0.800000012,1,4.827,9.854,11.059,3,1,1,9.476,137.696,146.694,10,NA,NA,NA,NA,NA,NA,6,7,6,6,13.352,93.535,94.554,12,4,3,4,4,4,4,99.708,110.737,111.47,13,5,4,6,6,4,4,6,6,46.07,71.36,72.314,17,6,7,2,6,50.973,57.001,59.278,5,2,NA,64,2,8,6,1,2,NA,631,EN,NA,1,0
100,334,1,R_3KrugZoZ8guYNu9,EN,1,1,0,0,28.301,0,1,1,121.503,176.236,178.794,5,NA,NA,NA,NA,NA,NA,6,6,6,6,3.787,12.084,13.266,8,5,3,5,5,5,5,1.889,18.07,18.816,12,3,5,6,6,3,5,6,6,3.314,20.021,20.566,18,6,5,3,5,2.772,12.328,13.364,4,2,NA,36,1,5,4,4,2,NA,334,EN,NA,1,0
100,550,1,R_7WRH4w4CLrRFBPX,EN,1,1,2.741,2.741,9.219,1,NA,NA,NA,NA,NA,NA,1,1,18.06,212.077,215.401,7,6,7,2,1,11.738,48.947,63.272,8,2,2,2,6,6,6,14.965,35.346,39.676,12,2,2,2,2,7,7,7,7,16.208,98.801,104.087,24,3,2,3,5,3.591,21.079,22.469,11,2,NA,49,1,5,3,5,1,NA,550,EN,NA,1,1
